{"cameraMode":{"drawMode":0,"name":"Shaded","section":"Shading Mode"},"sceneLighting":true,"audioPlay":false,"sceneViewState":{"showFog":true,"showMaterialUpdate":false,"showSkybox":true,"showFlares":true,"showImageEffects":true,"showParticleSystems":true,"showVisualEffectGraphs":true,"m_FxEnabled":true},"in2DMode":false,"pivot":{"x":140.64450073242188,"y":12.262171745300293,"z":-1.3546096086502076},"rotation":{"x":-0.08950827270746231,"y":0.9043673872947693,"z":-0.23460133373737336,"w":-0.34507739543914797},"size":82.32691955566406,"orthographic":false}