{"cameraMode":{"drawMode":0,"name":"Shaded","section":"Shading Mode"},"sceneLighting":true,"audioPlay":false,"sceneViewState":{"showFog":true,"showMaterialUpdate":false,"showSkybox":true,"showFlares":true,"showImageEffects":true,"showParticleSystems":true,"showVisualEffectGraphs":true,"m_FxEnabled":true},"in2DMode":false,"pivot":{"x":0.6408677101135254,"y":0.26042959094047549,"z":0.4284456968307495},"rotation":{"x":0.3473914861679077,"y":0.2581121325492859,"z":-0.10008201748132706,"w":0.8959249258041382},"size":9.578015327453614,"orthographic":true}