{"cameraMode":{"drawMode":0,"name":"Shaded","section":"Shading Mode"},"sceneLighting":true,"audioPlay":false,"sceneViewState":{"showFog":true,"showMaterialUpdate":false,"showSkybox":true,"showFlares":true,"showImageEffects":true,"showParticleSystems":true,"showVisualEffectGraphs":true,"m_FxEnabled":true},"in2DMode":false,"pivot":{"x":0.4910975992679596,"y":1.0044517517089844,"z":1.8296215534210206},"rotation":{"x":0.6974332332611084,"y":-0.009673651307821274,"z":0.009415901266038418,"w":0.716522753238678},"size":4.3071064949035648,"orthographic":false}